category,keyword
General Climate Change and Environment,klimawandel
General Climate Change and Environment,globale erwärmung
General Climate Change and Environment,klimakrise
General Climate Change and Environment,klimanotstand
General Climate Change and Environment,klimazusammenbruch
General Climate Change and Environment,klimastörung
General Climate Change and Environment,klimainstabilität
General Climate Change and Environment,klimakatastrophe
General Climate Change and Environment,klimaveränderungen
General Climate Change and Environment,klimavariabilität
General Climate Change and Environment,klimawissenschaft
General Climate Change and Environment,anthropogener klimawandel
General Climate Change and Environment,klimabedingter wandel
General Climate Change and Environment,klimarisiken
Greenhouse Gases and Emissions,treibhausgase
Greenhouse Gases and Emissions,treibhausgasemissionen
Greenhouse Gases and Emissions,CO2-emissionen
Greenhouse Gases and Emissions,kohlenstoff-fußabdruck
Greenhouse Gases and Emissions,klimaneutralität
Greenhouse Gases and Emissions,kohlenstoffbindung
Greenhouse Gases and Emissions,CO2-kompensation
Greenhouse Gases and Emissions,kohlenstoffsenke
Greenhouse Gases and Emissions,CO2-preis
Greenhouse Gases and Emissions,CO2-abgabe
Greenhouse Gases and Emissions,kohlenstoffgutschriften
Greenhouse Gases and Emissions,kohlenstoffhandel
Greenhouse Gases and Emissions,methanemissionen
Greenhouse Gases and Emissions,CO2-reduktion
Greenhouse Gases and Emissions,netto-null
Greenhouse Gases and Emissions,kohlenstofffreie wirtschaft
Greenhouse Gases and Emissions,klimaneutrale wirtschaft
Greenhouse Gases and Emissions,emissionsfreie wirtschaft
Climate Policy and Governance,klimaschutz
Climate Policy and Governance,klimapolitik
Climate Policy and Governance,klimagovernance
Climate Policy and Governance,politik zur klimaanpassung
Climate Policy and Governance,klimaschutzpolitik
Climate Policy and Governance,umweltpolitik
Climate Policy and Governance,klimadiplomatie
Climate Policy and Governance,internationale klimaabkommen
Climate Policy and Governance,klimaverhandlungen
Climate Policy and Governance,umweltverträge
Climate Policy and Governance,UNFCCC
Climate Policy and Governance,Pariser Abkommen
Climate Policy and Governance,COP
Climate Policy and Governance,Kyoto-Protokoll
Climate Policy and Governance,IPCC
Climate Policy and Governance,klimaschutz-zusagen
Climate Policy and Governance,national festgelegte beiträge
Climate Policy and Governance,NDCs
Climate Policy and Governance,klimaziele
Climate Policy and Governance,nachhaltige politikgestaltung
Adaptation and Mitigation,klimaanpassung
Adaptation and Mitigation,klimaresilienz
Adaptation and Mitigation,resilienzplanung
Adaptation and Mitigation,klimaschutz
Adaptation and Mitigation,katastrophenvorsorge
Adaptation and Mitigation,katastrophenrisikominderung
Adaptation and Mitigation,katastrophenresilienz
Adaptation and Mitigation,strategien zur risikominderung
Adaptation and Mitigation,anpassung an risiken
Adaptation and Mitigation,risikoadjustierung
Adaptation and Mitigation,ökosystembasierte anpassung
Adaptation and Mitigation,naturbasierte lösungen
Adaptation and Mitigation,anpassungsfähigkeit
Adaptation and Mitigation,gemeindebasierte anpassung
Adaptation and Mitigation,verletzlichkeitsminderung
Adaptation and Mitigation,klimafeste planung
Renewable Energy and Clean Tech,erneuerbare energien
Renewable Energy and Clean Tech,saubere energie
Renewable Energy and Clean Tech,solarenergie
Renewable Energy and Clean Tech,windkraft
Renewable Energy and Clean Tech,wasserkraft
Renewable Energy and Clean Tech,geothermie
Renewable Energy and Clean Tech,bioenergie
Renewable Energy and Clean Tech,gezeitenenergie
Renewable Energy and Clean Tech,wellenenergie
Renewable Energy and Clean Tech,nachhaltige energie
Renewable Energy and Clean Tech,energiewende
Renewable Energy and Clean Tech,grüne energie
Renewable Energy and Clean Tech,CO2-arme energie
Renewable Energy and Clean Tech,inselnetzlösungen
Renewable Energy and Clean Tech,energieeffizienz
Renewable Energy and Clean Tech,saubere technologie
Renewable Energy and Clean Tech,grüne technologie
Renewable Energy and Clean Tech,energieeinsparen
Fossil Fuels and Decarbonization,ausstieg aus fossilen brennstoffen
Fossil Fuels and Decarbonization,kohleausstieg
Fossil Fuels and Decarbonization,Ölabhängigkeit
Fossil Fuels and Decarbonization,desinvestitionen aus fossilen brennstoffen
Fossil Fuels and Decarbonization,dekarbonisierung
Fossil Fuels and Decarbonization,abkehr von fossilen brennstoffen
Fossil Fuels and Decarbonization,energiedekarbonisierung
Fossil Fuels and Decarbonization,emissionsarmer verkehr
Fossil Fuels and Decarbonization,elektrofahrzeuge
Fossil Fuels and Decarbonization,nachhaltiger verkehr
Fossil Fuels and Decarbonization,klimafreundlicher verkehr
Fossil Fuels and Decarbonization,wasserstoffwirtschaft
Biodiversity, Conservation, and Land Use,biodiversität
Biodiversity, Conservation, and Land Use,biodiversitätsverlust
Biodiversity, Conservation, and Land Use,Ökosystemkollaps
Biodiversity, Conservation, and Land Use,Ökosystemwiederherstellung
Biodiversity, Conservation, and Land Use,umweltzerstörung
Biodiversity, Conservation, and Land Use,abholzung
Biodiversity, Conservation, and Land Use,wiederaufforstung
Biodiversity, Conservation, and Land Use,aufforstung
Biodiversity, Conservation, and Land Use,waldschutz
Biodiversity, Conservation, and Land Use,landdegradierung
Biodiversity, Conservation, and Land Use,landnutzungsänderung
Biodiversity, Conservation, and Land Use,lebensraumzerstörung
Biodiversity, Conservation, and Land Use,naturschutz
Biodiversity, Conservation, and Land Use,meeresschutz
Biodiversity, Conservation, and Land Use,ozeanschutz
Biodiversity, Conservation, and Land Use,korallenbleiche
Biodiversity, Conservation, and Land Use,ozeanversauerung
Biodiversity, Conservation, and Land Use,plastikverschmutzung
Biodiversity, Conservation, and Land Use,nachhaltige forstwirtschaft
Biodiversity, Conservation, and Land Use,renaturierung
Loss and Damage,verluste und schäden
Loss and Damage,klimabedingte verluste
Loss and Damage,klimabedingte schäden
Loss and Damage,entschädigung für verluste und schäden
Loss and Damage,klimareparationen
Loss and Damage,klimarisikoversicherung
Loss and Damage,finanzierungsmechanismen für verluste und schäden
Climate Finance and Economic Policies,klimafinanzierung
Climate Finance and Economic Policies,grüne finanzierung
Climate Finance and Economic Policies,klimainvestitionen
Climate Finance and Economic Policies,nachhaltige investitionen
Climate Finance and Economic Policies,grüne anleihen
Climate Finance and Economic Policies,kohlenstoffsteuer
Climate Finance and Economic Policies,klimafonds
Climate Finance and Economic Policies,finanzierungsinstrumente für den klimaschutz
Climate Finance and Economic Policies,cap-and-trade
Climate Finance and Economic Policies,emissionshandelssystem
Climate Finance and Economic Policies,EHS
Climate Finance and Economic Policies,umweltsteuern
Climate Finance and Economic Policies,nachhaltige entwicklungsfinanzierung
Climate Finance and Economic Policies,grüne Wirtschaft
Climate Finance and Economic Policies,kreislaufwirtschaft
Climate Finance and Economic Policies,nachhaltige lieferketten
Climate Finance and Economic Policies,klimaresiliente infrastruktur
Climate Finance and Economic Policies,grüne konjunkturimpulse
Extreme Weather and Disasters,naturkatastrophe
Extreme Weather and Disasters,klimakatastrophe
Extreme Weather and Disasters,umweltkatastrophe
Extreme Weather and Disasters,hitzewellen
Extreme Weather and Disasters,dürrevorsorge
Extreme Weather and Disasters,waldbrandprävention
Extreme Weather and Disasters,hochwassermanagement
Extreme Weather and Disasters,sturmfluten
Extreme Weather and Disasters,anstieg des meeresspiegels
Extreme Weather and Disasters,extremwetter
Extreme Weather and Disasters,hurrikan-resilienz
Extreme Weather and Disasters,taifun-vorsorge
Extreme Weather and Disasters,tornado-risikomanagement
Extreme Weather and Disasters,monsunvariabilität
Extreme Weather and Disasters,wetterbedingte vertreibung
Climate-Induced Migration and Social Impacts,klimaflüchtlinge
Climate-Induced Migration and Social Impacts,umweltmigranten
Climate-Induced Migration and Social Impacts,vertreibung durch den klimawandel
Climate-Induced Migration and Social Impacts,zwangsmigration
Climate-Induced Migration and Social Impacts,klimabedingte vertreibung
Climate-Induced Migration and Social Impacts,klimagerechtigkeit
Climate-Induced Migration and Social Impacts,umweltgerechtigkeit
Climate-Induced Migration and Social Impacts,gerechter Übergang
Climate-Induced Migration and Social Impacts,fairer Übergang
Climate-Induced Migration and Social Impacts,klimarechte
Agriculture, Water Security, and Food Systems,nachhaltige landwirtschaft
Agriculture, Water Security, and Food Systems,klimafreundliche landwirtschaft
Agriculture, Water Security, and Food Systems,regenerative landwirtschaft
Agriculture, Water Security, and Food Systems,ernährungssicherheit
Agriculture, Water Security, and Food Systems,wassersicherheit
Agriculture, Water Security, and Food Systems,dürreresilienz
Agriculture, Water Security, and Food Systems,hochwasserresistente nutzpflanzen
Agriculture, Water Security, and Food Systems,agrarökologie
Agriculture, Water Security, and Food Systems,bodenschutz
Agriculture, Water Security, and Food Systems,nachhaltige fischerei
Agriculture, Water Security, and Food Systems,meeresmanagement
Agriculture, Water Security, and Food Systems,meeresgovernance
Agriculture, Water Security, and Food Systems,wasserschutz
Agriculture, Water Security, and Food Systems,klimaresiliente landwirtschaft
Environmental Regulations and Legal Frameworks,umweltvorschriften
Environmental Regulations and Legal Frameworks,grüne gesetze
Environmental Regulations and Legal Frameworks,klimaklagen
Environmental Regulations and Legal Frameworks,umweltschutzgesetze
Environmental Regulations and Legal Frameworks,verursacherprinzip
Environmental Regulations and Legal Frameworks,umwelthaftung
Environmental Regulations and Legal Frameworks,unternehmensverantwortung für die umwelt
Environmental Regulations and Legal Frameworks,netto-null-verpflichtungen
Environmental Regulations and Legal Frameworks,rechtlich verbindliche klimaziele
Activism, Movements, and Awareness,klimaaktivismus
Activism, Movements, and Awareness,umweltaktivismus
Activism, Movements, and Awareness,jugendklimabewegung
Activism, Movements, and Awareness,klimaaktionen an der basis
Activism, Movements, and Awareness,zivilgesellschaftliches klimaengagement
Activism, Movements, and Awareness,klimaproteste
Activism, Movements, and Awareness,klima-advocacy
Activism, Movements, and Awareness,öffentliches bewusstsein für den klimawandel
Activism, Movements, and Awareness,medienberichterstattung zum thema klima
Innovation and Future Technologies,klimainnovation
Innovation and Future Technologies,kohlenstoffabscheidung und -speicherung
Innovation and Future Technologies,direkte luftabscheidung
Innovation and Future Technologies,geoengineering
Innovation and Future Technologies,sonnenstrahlungsmanagement
Innovation and Future Technologies,klimatechnologie
Innovation and Future Technologies,klimapositive lösungen
Innovation and Future Technologies,blauer kohlenstoff
Innovation and Future Technologies,negative emissionstechnologie
Innovation and Future Technologies,klimaüberwachungssysteme
Miscellaneous Key Phrases,umweltverantwortung
Miscellaneous Key Phrases,grüner wandel
Miscellaneous Key Phrases,nachhaltigkeitsstrategien
Miscellaneous Key Phrases,Ökologisches gleichgewicht
Miscellaneous Key Phrases,naturkapital
Miscellaneous Key Phrases,regenerative praktiken
Miscellaneous Key Phrases,planetarische grenzen
Miscellaneous Key Phrases,Ökologischer fußabdruck
Miscellaneous Key Phrases,umweltrisikomanagement
